ArtistId,Name
177,Abbie Matijasevic
55,Ade Medhurst
31,Adrianna Prout
75,Ailina Lars
32,Albertine Willsmore
19,Alecia Downton
5,Alfons Balint
59,Allie Looks
214,Almeda Langstrath
11,Alyosha Cuvley
15,Alyssa Halsey
58,Amberly Pinck
271,Amelie Collen
92,Andriette Staley
100,Andy Siddaley
18,Archie Sugden
117,Ariadne Pavey
212,Ariana Belchamber
167,Arri Fensome
127,Asia Mechell
174,Auguste Flement
133,Austin Triner
105,Barn Knowlys
64,Barnabas Petrello
17,Barstow
160,Baudoin Dering
99,Benedicto
242,Benoite Okey
79,Bernadina O'Dowd
20,Big Conny
262,Big Desouza
185,Binnie Maton
215,Blaire Leas
94,Blondy Starkings
276,Bob Marley
175,Brianne Geddis
22,Bryn Crunkhurn
268,Cacilia Shortland
132,Camel Mariet
181,Care McClifferty
84,Carena Habbon
195,Cariotta Rowthorne
241,Carlyle
78,Casar
45,Casper Gellion
140,Cassi Garrett
275,Chantalle Bridal
172,Charlotta Littlecote
107,Chiquia Joslyn
210,Chloris Batecok
180,Chrissie Metts
130,Christean Morby
113,Clair Lightwing
178,Clouston Allstars
245,Clovis Rattray
96,Codie And Alsopp
66,Collie Challens
76,Collin Garvill
158,Constancy
95,Constanta Rosita
148,Cosme Ellerker
218,Craig Duffit
42,Crissie Bissell
150,Crookshank
28,Crysta Beuscher
91,Crysta Kirley
193,Culver
103,Daisy Alphonso
266,Daloris Toland
251,Dane Aleksankov
169,Danita Cobbled
124,Dante McMillan
101,Darsey Alldritt
50,Dasi Tonge
81,Dehlia Powlett
225,Demetri Tocknell
232,Devon Ivory
229,Dian Sauter
30,Diddi
90,Dionisio Collier
69,Doe Alasdair
163,Dore
21,Duke Loweth
248,Dulcea Albasini
126,Dur Jaffra
244,Dylan Troupe
72,Edmon
60,Elisha Jacop
68,Elonore Harcarse
25,Elspeth Genders
80,Emilia Gile
154,Emily Quinion
270,Emmy S
141,Enos Jacqueme
217,Eolanda Portingale
120,Estel Siddons
48,Etan Gilligan
14,Ewart Drable
230,FETTY
254,Fabiano Veljes
272,Fairfax Howley
33,Fanny
233,Farly Buxcy
74,Faustina Halpeine
118,Felipa Meates
235,Fowler Traviss
263,Franciska Dealtry
27,Franciska Wankling
231,Frans Ashton
52,Fraze Rettie
38,Gabbie Benmore
147,Garold Nolleth
73,Gena Ongin
44,Giffie Dallaghan
61,Gil G
255,Ginnie Streatley
194,Gino Bakhrushkin
7,Giorgia Torr
115,Gnni Coleby
216,Goddart Persehouse
256,Goldia Folan
269,Goodwyn Gang
201,Gretta Berrane
199,Guss Latham
139,Gusti Girl
85,Hammad Bertrand
192,Hammad Joysey
34,Hannis Garry
106,Helge Pendry
190,Henri McIndrew
8,Herta Damant
6,Hetty Pordal
119,Hilario Simoneau
189,Howell Gang
125,Ianthe Karlsson
211,Imelda Hammelberg
57,Irena Crudginton
161,Irwin Davids
176,Irwin Shipperbottom
51,Ivette Spridgeon
109,Jabez Sego
71,Jacquenetta Bunclark
104,Jacquetta Haywood
37,Jami Schollick
77,Jamie Fee Orchestra
162,Jane Bullivent
168,Janina And Kingh
204,Janna McPartling
40,Jase Copyn
13,Jemmy Bonanno
49,Jenda Zorzenoni
238,Jenny Pendrill
171,Jillian Lefort
196,Jonas McKniely
228,Jonathon Clarkson
200,Kaitlin
123,Kalinda Cordero
136,Karla Camsey
10,Kearney Meni
142,Kellie Grinikhinov
219,Kelsey Hovenden
116,Kip G
144,Kristyn Klausen
170,Larisa
146,Laural Nestle
243,Lenette Nial
112,Lil Bartolomucci
9,Lil Dulce
54,Lisabeth Docharty
65,Liva Tittletross
267,Liz Ffrench
1,Lolly
12,Lona Jerg
36,Lorinda Farnes
98,Lucias Mallya
198,Lulu Filyushkin
47,Lyn Farnill
145,Lynelle Edgerley
108,Lyon Ormes
62,Mandie Tinkham
208,Mariam Moggie
159,Marleah Semble
41,Marline Sancias
220,Mary Mucci
213,Mattie Poynter
46,Meaddow
89,Melisande Fansy
237,Melisent Waleran
138,Melisse Manske
179,Merna Langhorne
191,Miner D'Adamo
265,Minna Keyser
137,Modestine Domenichelli
240,Morena Merchant
87,Moshe Ilsley
264,Natasha Sitlinton
156,Nathanael Healey
151,Neale Caze
257,Nelie Budgett
205,Nevins Sirette
135,Nicoline Adam
128,Nikita Beedham
114,Nikolia Mioni
35,Nobe Tournay
2,Nollie Murie
221,Noodles
152,OKEY
173,Oates Crame
260,Ofella Rylance
24,Olivie Borsi
102,Olly Connal
206,Page Brugemann
188,Paquito Pochin
39,Phaedra
4,Plumtree
29,Ralf Mahedy
253,Rebbecca Coonihan
222,Renate Sukbhans
234,Rheba De Vile
53,Rhodia Kitchingman
26,Ricardo
197,Richardo Pergens
149,Rickie Raecroft
82,Robbert
121,Rock Duckerin
247,Romona Megarrell
273,Rosaline Elcoate
202,Samara Lemmers
166,Sara Mobley
259,Shanna Laybourn
83,Sharia Selesnick
182,Sheelah Hempshall
131,Shellie Carberry
226,Sigrid M
261,Silvana Oke
236,Simonne
56,Sis Carlene
203,Sisely Fullick
249,Skeaty
164,Skeleton
157,Skelly Balsdone
252,Skippie Ratledge
111,Spelman
3,Stephannie Willoughway
246,Suzann Pagett
134,Swannie
122,Talbot Godar
16,Tallulah Gollop
88,Terencio Breeder
67,Tessi T
93,Thaddeus Roc
227,Theressa Monk
187,Tobit Doneld
70,Tomaso Dumpleton
223,Tommy Bisp
97,Tressa Casebourne
186,Trudy Facchini
155,Umeko Trotton
43,Valentine Hartridge
207,Verene Ollerearnshaw
63,Veronika Lindroos
143,Viki McMyler
209,Vito Batstone
129,Vivi Zupone
183,Vonni Boothebie
153,Walliw Hane
110,Warren Bambrick
250,Willa Chainey
258,Wini Gerrets
224,Winne Northway
184,Wren Fulk
23,Yalden
274,Yorgo
239,Zack Ormston
165,Zak Raikes
86,Zed Isakovitch
